file,status
FallingForwards_p1_1_35sek_20260206_113359.csv,skipped
FallingForwards_p4_1_35sek_20260206_115209.csv,skipped
FallingForwards_p4_2_35sek_20260206_115310.csv,skipped
FallingForwards_p4_3_35sek_20260206_115411.csv,skipped
Fallingbackwards_p1_1_35sek_20260205_113403.csv,skipped
Fallingbackwards_p1_2_35sek_20260205_113455.csv,skipped
Fallingbackwards_p1_3_35sek_20260205_113936.csv,skipped
Fallingbackwards_p2_1_35sek_20260205_114717.csv,skipped
Fallingbackwards_p2_2_35sek_20260205_114828.csv,skipped
Fallingbackwards_p2_3_35sek_20260205_115552.csv,skipped
Fallingbackwards_p3_1_35sek_20260205_114115.csv,skipped
Fallingbackwards_p3_2_35sek_20260205_114211.csv,skipped
Fallingbackwards_p3_3_35sek_20260205_114313.csv,skipped
Fallingbackwards_p4_1_35sek_20260205_111038.csv,skipped
Fallingbackwards_p4_2_35sek_20260205_112600.csv,skipped
Fallingbackwards_p4_3_35sek_20260205_112938.csv,skipped
Fallingbackwardsleftside_p4_1_35sek_20260206_120044.csv,skipped
Fallingbackwardsleftside_p4_2_35sek_20260206_120314.csv,skipped
Fallingbackwardsleftside_p4_3_35sek_20260206_120405.csv,skipped
Fallingbackwardsrightside_p4_1_35sek_20260206_115716.csv,skipped
Fallingbackwardsrightside_p4_2_35sek_20260206_115814.csv,skipped
Fallingbackwardsrightside_p4_3_35sek_20260206_115904.csv,skipped
Fallingfromchair_p1_1_35sek_20260204_154003.csv,skipped
Fallingfromchair_p1_2_35sek_20260204_154120.csv,skipped
Fallingfromchair_p1_3_35sek_20260204_154248.csv,skipped
Fallingfromchair_p4_1_35sek_20260204_152131.csv,skipped
Fallingfromchair_p4_2_35sek_20260204_152255.csv,skipped
Fallingfromchair_p4_3_35sek_20260204_152408.csv,skipped
On_table_20260128_205805.csv,skipped
SittingToStanding_Xiaoye_1_35sek_20260202_163705.csv,skipped
SittingToStanding_Xiaoye_2_35sek_20260202_163924.csv,skipped
SittingToStanding_Xiaoye_3_35sek_20260202_164139.csv,skipped
Sittingtostanding_Ahmed_1_20sek_20260202_102903.csv,skipped
Sittingtostanding_Ahmed_2_20sek_20260202_102953.csv,skipped
Sittingtostanding_Ahmed_3_20sek_20260202_103024.csv,skipped
Sittingtostanding_Chrysi_1_20sek_20260202_103906.csv,skipped
Sittingtostanding_Chrysi_2_20sek_20260202_103939.csv,skipped
Sittingtostanding_Chrysi_3_20sek_20260202_104033.csv,skipped
Sittingtostanding_Xiaoye_1_20sek_20260202_095705.csv,skipped
Sittingtostanding_Xiaoye_2_20sek_20260202_095843.csv,skipped
Sittingtostanding_Xiaoye_3_20sek_20260202_100018.csv,skipped
Sittingtostanding_p1_1_35sek_20260204_153540.csv,skipped
Sittingtostanding_p1_2_35sek_20260204_153654.csv,skipped
Sittingtostanding_p1_3_35sek_20260204_153830.csv,skipped
Sittingtostanding_p2_1_35sek_20260204_155433.csv,skipped
Sittingtostanding_p2_2_35sek_20260204_155524.csv,skipped
StandingToSitting_Xiaoye_1_35sek_20260202_163124.csv,skipped
StandingToSitting_Xiaoye_2_35sek_20260202_163245.csv,skipped
StandingToSitting_Xiaoye_3_35sek_20260202_163524.csv,skipped
Standing_Ahmed_1_20sek_20260202_102034.csv,skipped
Standing_Ahmed_2_20sek_20260202_102535.csv,skipped
Standing_Ahmed_3_20sek_20260202_102602.csv,skipped
Standing_Chrysi_1_20sek_20260202_103532.csv,skipped
Standing_Chrysi_2_20sek_20260202_103607.csv,skipped
Standing_Chrysi_3_20sek_20260202_103636.csv,skipped
Standing_Edith_1_35sek_20260202_105305.csv,skipped
Standing_Edith_2_35sek_20260202_112321.csv,skipped
Standing_Edith_3_35sek_20260202_112408.csv,skipped
Standing_Xiaoye_1_1min_20260129_105129.csv,skipped
Standing_Xiaoye_1_20sek_20260202_095036.csv,skipped
Standing_Xiaoye_1_2min_20260129_105252.csv,skipped
Standing_Xiaoye_1_35sek_20260202_162659.csv,skipped
Standing_Xiaoye_2_1min_20260129_110010.csv,skipped
Standing_Xiaoye_2_20sek_20260202_095120.csv,skipped
Standing_Xiaoye_2_2min_20260129_105714.csv,skipped
Standing_Xiaoye_2_35sek_20260202_162827.csv,skipped
Standing_Xiaoye_3_20sek_20260202_095326.csv,skipped
Standing_Xiaoye_3_35sek_20260202_162956.csv,skipped
Standing_p1_1_35sek_20260204_152857.csv,skipped
Standing_p1_2_35sek_20260204_152944.csv,skipped
Standing_p1_3_35sek_20260204_153104.csv,skipped
Standing_p2_1_35sek_20260204_154843.csv,skipped
Standing_p2_2_35sek_20260204_154943.csv,skipped
Standing_p2_3_35sek_20260204_155033.csv,skipped
Standingtositting_Ahmed_1_20sek_20260202_102654.csv,skipped
Standingtositting_Ahmed_2_20sek_20260202_102748.csv,skipped
Standingtositting_Ahmed_3_20sek_20260202_102821.csv,skipped
Standingtositting_Chrysi_1_20sek_20260202_103730.csv,skipped
Standingtositting_Chrysi_2_20sek_20260202_103758.csv,skipped
Standingtositting_Chrysi_3_20sek_20260202_103826.csv,skipped
Standingtositting_Xiaoye_1_20sek_20260202_095501.csv,skipped
Standingtositting_Xiaoye_2_20sek_20260202_095540.csv,skipped
Standingtositting_Xiaoye_3_20sek_20260202_095613.csv,skipped
Standingtositting_p1_1_35sek_20260204_153210.csv,skipped
Standingtositting_p1_2_35sek_20260204_153257.csv,skipped
Standingtositting_p1_3_35sek_20260204_153407.csv,skipped
Standingtositting_p2_1_35sek_20260204_155152.csv,skipped
Standingtositting_p2_2_35sek_20260204_155241.csv,skipped
Standingtositting_p2_3_35sek_20260204_155335.csv,skipped
Walking_Ahmed_1_20sek_20260202_101039.csv,skipped
Walking_Ahmed_2_20sek_20260202_102356.csv,skipped
Walking_Ahmed_3_20sek_20260202_102449.csv,skipped
Walking_Chrysi_1_20sek_20260202_103211.csv,skipped
Walking_Chrysi_2_20sek_20260202_103257.csv,skipped
Walking_Chrysi_3_20sek_20260202_103326.csv,skipped
Walking_Edith_1_35sek_20260202_105555.csv,skipped
Walking_Edith_2_35sek_20260202_105841.csv,skipped
Walking_Edith_3_35sek_20260202_105944.csv,skipped
Walking_Xiaoye_1_20sek_20260202_094820.csv,skipped
Walking_Xiaoye_1_2min_20260129_110230.csv,skipped
Walking_Xiaoye_1_4min_20260129_111200.csv,skipped
Walking_Xiaoye_2_20sek_20260202_094909.csv,skipped
Walking_Xiaoye_2_2min_20260129_110830.csv,skipped
Walking_Xiaoye_2_4min_20260202_092021.csv,skipped
Walking_Xiaoye_3_20sek_20260202_094945.csv,skipped
Walking_Xiaoye_3_2min_20260129_111759.csv,skipped
Walking_p1_1_35sek_20260204_152601.csv,skipped
Walking_p1_2_35sek_20260204_152703.csv,skipped
Walking_p1_3_35sek_20260204_152758.csv,skipped
Walking_p2_1_35sek_20260204_154526.csv,skipped
Walking_p2_2_35sek_20260204_154615.csv,skipped
Walking_p2_3_35sek_20260204_154745.csv,skipped
Walking_p4_1_35sek_20260204_143622.csv,skipped
Walking_p4_2_35sek_20260204_151801.csv,skipped
Walking_p4_3_35sek_20260204_151856.csv,skipped
Walking_p4_4_35sek_20260205_105347.csv,skipped
Walking_slow_Chrysi_4_20sek_20260202_103424.csv,skipped
