samples,timestamp,label
"[{'t_us': 1541165332, 'ax': -0.95, 'ay': -0.1, 'az': -0.26, 'gx': 2.41, 'gy': -1.02, 'gz': 0.95}, {'t_us': 1541167293, 'ax': -0.94, 'ay': -0.1, 'az': -0.27, 'gx': 2.49, 'gy': -1.42, 'gz': 1.15}, {'t_us': 1541169230, 'ax': -0.95, 'ay': -0.1, 'az': -0.27, 'gx': 2.49, 'gy': -1.42, 'gz': 1.15}, {'t_us': 1541171233, 'ax': -0.93, 'ay': -0.1, 'az': -0.27, 'gx': 2.7, 'gy': -1.77, 'gz': 1.27}, {'t_us': 1541173785, 'ax': -0.94, 'ay': -0.11, 'az': -0.27, 'gx': 2.64, 'gy': -2.02, 'gz': 1.3}]",2026-02-13 10:25:44,0.0
"[{'t_us': 1541260689, 'ax': -0.94, 'ay': -0.08, 'az': -0.23, 'gx': 2.93, 'gy': -7.05, 'gz': 1.54}, {'t_us': 1541262810, 'ax': -0.94, 'ay': -0.08, 'az': -0.23, 'gx': 2.89, 'gy': -6.98, 'gz': 1.53}, {'t_us': 1541264768, 'ax': -0.95, 'ay': -0.09, 'az': -0.23, 'gx': 2.67, 'gy': -6.75, 'gz': 1.36}, {'t_us': 1541266715, 'ax': -0.95, 'ay': -0.09, 'az': -0.23, 'gx': 2.67, 'gy': -6.75, 'gz': 1.36}, {'t_us': 1541268659, 'ax': -0.94, 'ay': -0.09, 'az': -0.23, 'gx': 2.56, 'gy': -6.56, 'gz': 1.13}]",2026-02-13 10:25:44,0.0
"[{'t_us': 1541360044, 'ax': -0.93, 'ay': -0.05, 'az': -0.22, 'gx': -8.02, 'gy': -7.94, 'gz': -0.95}, {'t_us': 1541362146, 'ax': -0.93, 'ay': -0.05, 'az': -0.22, 'gx': -8.06, 'gy': -7.74, 'gz': -0.95}, {'t_us': 1541364088, 'ax': -0.93, 'ay': -0.05, 'az': -0.22, 'gx': -8.06, 'gy': -7.74, 'gz': -0.95}, {'t_us': 1541366033, 'ax': -0.92, 'ay': -0.05, 'az': -0.22, 'gx': -8.27, 'gy': -7.66, 'gz': -1.16}, {'t_us': 1541367974, 'ax': -0.92, 'ay': -0.06, 'az': -0.22, 'gx': -8.35, 'gy': -7.18, 'gz': -1.16}]",2026-02-13 10:25:44,0.0
"[{'t_us': 1541460485, 'ax': -0.93, 'ay': -0.09, 'az': -0.21, 'gx': -14.87, 'gy': 5.34, 'gz': -3.42}, {'t_us': 1541462624, 'ax': -0.93, 'ay': -0.09, 'az': -0.21, 'gx': -14.78, 'gy': 5.57, 'gz': -3.48}, {'t_us': 1541464568, 'ax': -0.93, 'ay': -0.09, 'az': -0.2, 'gx': -15.02, 'gy': 5.85, 'gz': -3.53}, {'t_us': 1541466504, 'ax': -0.94, 'ay': -0.1, 'az': -0.21, 'gx': -15.02, 'gy': 5.85, 'gz': -3.53}, {'t_us': 1541468441, 'ax': -0.93, 'ay': -0.1, 'az': -0.2, 'gx': -14.85, 'gy': 6.09, 'gz': -3.33}]",2026-02-13 10:25:44,0.0
"[{'t_us': 1541561149, 'ax': -0.95, 'ay': -0.11, 'az': -0.23, 'gx': -10.99, 'gy': 1.62, 'gz': -2.69}, {'t_us': 1541563252, 'ax': -0.94, 'ay': -0.12, 'az': -0.23, 'gx': -10.7, 'gy': 0.76, 'gz': -2.44}, {'t_us': 1541565188, 'ax': -0.95, 'ay': -0.11, 'az': -0.22, 'gx': -10.43, 'gy': 0.89, 'gz': -2.44}, {'t_us': 1541567128, 'ax': -0.95, 'ay': -0.11, 'az': -0.22, 'gx': -10.4, 'gy': 0.85, 'gz': -2.29}, {'t_us': 1541569064, 'ax': -0.94, 'ay': -0.11, 'az': -0.22, 'gx': -10.4, 'gy': 0.85, 'gz': -2.29}]",2026-02-13 10:25:44,0.0
"[{'t_us': 1541658337, 'ax': -0.94, 'ay': -0.1, 'az': -0.22, 'gx': -4.75, 'gy': 1.5, 'gz': -0.7}, {'t_us': 1541660446, 'ax': -0.93, 'ay': -0.09, 'az': -0.24, 'gx': -4.55, 'gy': 1.27, 'gz': -0.5}, {'t_us': 1541662384, 'ax': -0.93, 'ay': -0.09, 'az': -0.24, 'gx': -4.56, 'gy': 1.1, 'gz': -0.63}, {'t_us': 1541664320, 'ax': -0.94, 'ay': -0.09, 'az': -0.22, 'gx': -4.35, 'gy': 0.85, 'gz': -0.7}, {'t_us': 1541666256, 'ax': -0.94, 'ay': -0.1, 'az': -0.23, 'gx': -4.35, 'gy': 0.85, 'gz': -0.7}]",2026-02-13 10:25:44,0.0
"[{'t_us': 1541761406, 'ax': -0.94, 'ay': -0.11, 'az': -0.22, 'gx': -3.98, 'gy': 7.02, 'gz': -0.29}, {'t_us': 1541763455, 'ax': -0.94, 'ay': -0.11, 'az': -0.22, 'gx': -3.98, 'gy': 7.02, 'gz': -0.29}, {'t_us': 1541765391, 'ax': -0.94, 'ay': -0.1, 'az': -0.22, 'gx': -3.82, 'gy': 7.3, 'gz': -0.09}, {'t_us': 1541767328, 'ax': -0.94, 'ay': -0.1, 'az': -0.22, 'gx': -3.6, 'gy': 7.31, 'gz': -0.09}, {'t_us': 1541769287, 'ax': -0.94, 'ay': -0.1, 'az': -0.22, 'gx': -3.48, 'gy': 7.44, 'gz': 0.08}]",2026-02-13 10:25:44,0.0
"[{'t_us': 1541859928, 'ax': -0.94, 'ay': -0.1, 'az': -0.22, 'gx': -4.6, 'gy': 3.98, 'gz': -0.78}, {'t_us': 1541862044, 'ax': -0.94, 'ay': -0.1, 'az': -0.22, 'gx': -4.67, 'gy': 4.02, 'gz': -0.7}, {'t_us': 1541863985, 'ax': -0.94, 'ay': -0.1, 'az': -0.22, 'gx': -4.56, 'gy': 3.97, 'gz': -0.67}, {'t_us': 1541865925, 'ax': -0.94, 'ay': -0.09, 'az': -0.22, 'gx': -4.56, 'gy': 3.97, 'gz': -0.67}, {'t_us': 1541867861, 'ax': -0.94, 'ay': -0.09, 'az': -0.21, 'gx': -4.61, 'gy': 4.02, 'gz': -0.92}]",2026-02-13 10:25:44,0.0
"[{'t_us': 1541960205, 'ax': -0.94, 'ay': -0.09, 'az': -0.23, 'gx': -3.22, 'gy': 3.21, 'gz': -0.7}, {'t_us': 1541962309, 'ax': -0.94, 'ay': -0.09, 'az': -0.22, 'gx': -3.24, 'gy': 3.21, 'gz': -0.6}, {'t_us': 1541964246, 'ax': -0.94, 'ay': -0.09, 'az': -0.22, 'gx': -3.4, 'gy': 3.05, 'gz': -0.58}, {'t_us': 1541966182, 'ax': -0.94, 'ay': -0.09, 'az': -0.22, 'gx': -3.39, 'gy': 2.96, 'gz': -0.61}, {'t_us': 1541968121, 'ax': -0.94, 'ay': -0.09, 'az': -0.22, 'gx': -3.39, 'gy': 2.96, 'gz': -0.61}]",2026-02-13 10:25:45,0.0
"[{'t_us': 1542060765, 'ax': -0.93, 'ay': -0.1, 'az': -0.22, 'gx': -4.46, 'gy': 3.34, 'gz': -0.31}, {'t_us': 1542062877, 'ax': -0.94, 'ay': -0.1, 'az': -0.22, 'gx': -4.61, 'gy': 3.28, 'gz': -0.21}, {'t_us': 1542064814, 'ax': -0.94, 'ay': -0.1, 'az': -0.21, 'gx': -4.6, 'gy': 3.44, 'gz': -0.32}, {'t_us': 1542066758, 'ax': -0.94, 'ay': -0.1, 'az': -0.21, 'gx': -4.52, 'gy': 3.47, 'gz': -0.38}, {'t_us': 1542068709, 'ax': -0.94, 'ay': -0.1, 'az': -0.23, 'gx': -4.5, 'gy': 3.68, 'gz': -0.2}]",2026-02-13 10:25:45,0.0
"[{'t_us': 1542159366, 'ax': -0.95, 'ay': -0.08, 'az': -0.21, 'gx': -6.95, 'gy': 3.66, 'gz': -1.21}, {'t_us': 1542161474, 'ax': -0.95, 'ay': -0.08, 'az': -0.21, 'gx': -7.16, 'gy': 3.62, 'gz': -1.21}, {'t_us': 1542163411, 'ax': -0.95, 'ay': -0.08, 'az': -0.22, 'gx': -7.31, 'gy': 3.65, 'gz': -1.5}, {'t_us': 1542165374, 'ax': -0.95, 'ay': -0.08, 'az': -0.2, 'gx': -7.31, 'gy': 3.65, 'gz': -1.5}, {'t_us': 1542167310, 'ax': -0.95, 'ay': -0.08, 'az': -0.21, 'gx': -7.28, 'gy': 3.77, 'gz': -1.47}]",2026-02-13 10:25:45,0.0
"[{'t_us': 1542259945, 'ax': -0.95, 'ay': -0.11, 'az': -0.26, 'gx': -7.4, 'gy': 5.66, 'gz': -1.89}, {'t_us': 1542262054, 'ax': -0.95, 'ay': -0.11, 'az': -0.27, 'gx': -6.82, 'gy': 5.22, 'gz': -1.91}, {'t_us': 1542263993, 'ax': -0.95, 'ay': -0.11, 'az': -0.27, 'gx': -6.7, 'gy': 4.93, 'gz': -1.77}, {'t_us': 1542265930, 'ax': -0.94, 'ay': -0.11, 'az': -0.27, 'gx': -6.35, 'gy': 4.26, 'gz': -1.5}, {'t_us': 1542267868, 'ax': -0.94, 'ay': -0.11, 'az': -0.27, 'gx': -6.35, 'gy': 4.26, 'gz': -1.5}]",2026-02-13 10:25:45,0.0
"[{'t_us': 1542360515, 'ax': -0.94, 'ay': -0.13, 'az': -0.22, 'gx': 0.15, 'gy': 2.72, 'gz': -0.31}, {'t_us': 1542362640, 'ax': -0.93, 'ay': -0.13, 'az': -0.21, 'gx': 0.15, 'gy': 2.72, 'gz': -0.31}, {'t_us': 1542364583, 'ax': -0.94, 'ay': -0.13, 'az': -0.21, 'gx': 0.14, 'gy': 2.89, 'gz': -0.26}, {'t_us': 1542366519, 'ax': -0.94, 'ay': -0.12, 'az': -0.21, 'gx': 0.08, 'gy': 2.93, 'gz': -0.09}, {'t_us': 1542368456, 'ax': -0.94, 'ay': -0.12, 'az': -0.21, 'gx': 0.17, 'gy': 2.96, 'gz': -0.21}]",2026-02-13 10:25:45,0.0
"[{'t_us': 1542459574, 'ax': -0.94, 'ay': -0.09, 'az': -0.22, 'gx': 0.87, 'gy': 7.34, 'gz': 0.52}, {'t_us': 1542461725, 'ax': -0.94, 'ay': -0.08, 'az': -0.22, 'gx': 0.46, 'gy': 7.37, 'gz': 0.38}, {'t_us': 1542463678, 'ax': -0.94, 'ay': -0.08, 'az': -0.22, 'gx': 0.44, 'gy': 7.48, 'gz': 0.34}, {'t_us': 1542465619, 'ax': -0.95, 'ay': -0.08, 'az': -0.23, 'gx': 0.17, 'gy': 7.63, 'gz': 0.17}, {'t_us': 1542467560, 'ax': -0.94, 'ay': -0.09, 'az': -0.22, 'gx': 0.17, 'gy': 7.63, 'gz': 0.17}]",2026-02-13 10:25:45,0.0
"[{'t_us': 1542561213, 'ax': -0.94, 'ay': -0.09, 'az': -0.24, 'gx': -5.48, 'gy': 6.56, 'gz': 0.12}, {'t_us': 1542563301, 'ax': -0.94, 'ay': -0.09, 'az': -0.24, 'gx': -5.42, 'gy': 6.75, 'gz': 0.09}, {'t_us': 1542565240, 'ax': -0.94, 'ay': -0.1, 'az': -0.24, 'gx': -5.42, 'gy': 6.75, 'gz': 0.09}, {'t_us': 1542567166, 'ax': -0.94, 'ay': -0.1, 'az': -0.23, 'gx': -5.66, 'gy': 6.63, 'gz': 0.14}, {'t_us': 1542569107, 'ax': -0.94, 'ay': -0.1, 'az': -0.24, 'gx': -5.65, 'gy': 6.55, 'gz': -0.06}]",2026-02-13 10:25:45,0.0
"[{'t_us': 1542658591, 'ax': -0.94, 'ay': -0.11, 'az': -0.24, 'gx': -8.95, 'gy': 5.65, 'gz': -0.23}, {'t_us': 1542673292, 'ax': -0.93, 'ay': -0.1, 'az': -0.25, 'gx': -8.21, 'gy': 5.86, 'gz': -0.15}, {'t_us': 1542693306, 'ax': -0.94, 'ay': -0.1, 'az': -0.25, 'gx': -6.67, 'gy': 4.66, 'gz': -0.03}, {'t_us': 1542713269, 'ax': -0.94, 'ay': -0.1, 'az': -0.25, 'gx': -5.54, 'gy': 3.88, 'gz': -0.67}, {'t_us': 1542733284, 'ax': -0.93, 'ay': -0.11, 'az': -0.25, 'gx': -4.73, 'gy': 3.79, 'gz': -0.35}]",2026-02-13 10:25:45,0.0
"[{'t_us': 1542759776, 'ax': -0.94, 'ay': -0.11, 'az': -0.24, 'gx': -4.64, 'gy': 4.73, 'gz': -0.09}, {'t_us': 1542773338, 'ax': -0.93, 'ay': -0.11, 'az': -0.24, 'gx': -4.27, 'gy': 4.93, 'gz': -0.18}, {'t_us': 1542793306, 'ax': -0.93, 'ay': -0.1, 'az': -0.25, 'gx': -3.47, 'gy': 4.87, 'gz': 0.31}, {'t_us': 1542813329, 'ax': -0.93, 'ay': -0.1, 'az': -0.25, 'gx': -2.78, 'gy': 5.08, 'gz': 0.43}, {'t_us': 1542833301, 'ax': -0.93, 'ay': -0.09, 'az': -0.25, 'gx': -2.43, 'gy': 5.24, 'gz': 0.29}]",2026-02-13 10:25:45,0.0
"[{'t_us': 1542859963, 'ax': -0.94, 'ay': -0.1, 'az': -0.25, 'gx': -2.9, 'gy': 4.31, 'gz': 0.53}, {'t_us': 1542873333, 'ax': -0.93, 'ay': -0.11, 'az': -0.24, 'gx': -2.99, 'gy': 4.46, 'gz': 0.55}, {'t_us': 1542893333, 'ax': -0.94, 'ay': -0.1, 'az': -0.25, 'gx': -2.66, 'gy': 4.87, 'gz': 0.38}, {'t_us': 1542913287, 'ax': -0.94, 'ay': -0.09, 'az': -0.24, 'gx': -2.56, 'gy': 4.73, 'gz': 0.43}, {'t_us': 1542933279, 'ax': -0.94, 'ay': -0.09, 'az': -0.24, 'gx': -2.26, 'gy': 4.18, 'gz': 0.66}]",2026-02-13 10:25:45,0.0
"[{'t_us': 1542959408, 'ax': -0.94, 'ay': -0.09, 'az': -0.24, 'gx': -2.38, 'gy': 3.44, 'gz': 0.37}, {'t_us': 1542973271, 'ax': -0.94, 'ay': -0.1, 'az': -0.25, 'gx': -2.92, 'gy': 3.69, 'gz': 0.27}, {'t_us': 1542993270, 'ax': -0.94, 'ay': -0.1, 'az': -0.24, 'gx': -3.24, 'gy': 4.12, 'gz': 0.23}, {'t_us': 1543013276, 'ax': -0.93, 'ay': -0.09, 'az': -0.24, 'gx': -3.47, 'gy': 4.52, 'gz': 0.15}, {'t_us': 1543033326, 'ax': -0.94, 'ay': -0.09, 'az': -0.25, 'gx': -3.44, 'gy': 4.46, 'gz': 0.09}]",2026-02-13 10:25:46,0.0
"[{'t_us': 1543057875, 'ax': -0.94, 'ay': -0.09, 'az': -0.25, 'gx': -3.47, 'gy': 4.44, 'gz': 0.15}, {'t_us': 1543073338, 'ax': -0.94, 'ay': -0.09, 'az': -0.24, 'gx': -4.08, 'gy': 4.37, 'gz': 0.02}, {'t_us': 1543093338, 'ax': -0.94, 'ay': -0.09, 'az': -0.24, 'gx': -4.84, 'gy': 4.52, 'gz': -0.06}, {'t_us': 1543113306, 'ax': -0.93, 'ay': -0.09, 'az': -0.24, 'gx': -5.39, 'gy': 4.56, 'gz': -0.46}, {'t_us': 1543133311, 'ax': -0.94, 'ay': -0.09, 'az': -0.25, 'gx': -5.77, 'gy': 4.98, 'gz': -0.24}]",2026-02-13 10:25:46,0.0
"[{'t_us': 1543158038, 'ax': -0.94, 'ay': -0.09, 'az': -0.26, 'gx': -5.66, 'gy': 5.3, 'gz': -0.41}, {'t_us': 1543173292, 'ax': -0.94, 'ay': -0.09, 'az': -0.25, 'gx': -5.25, 'gy': 4.61, 'gz': -0.15}, {'t_us': 1543193306, 'ax': -0.94, 'ay': -0.1, 'az': -0.25, 'gx': -5.08, 'gy': 4.37, 'gz': -0.4}, {'t_us': 1543213333, 'ax': -0.94, 'ay': -0.1, 'az': -0.25, 'gx': -4.7, 'gy': 3.95, 'gz': -0.31}, {'t_us': 1543233293, 'ax': -0.93, 'ay': -0.09, 'az': -0.26, 'gx': -4.76, 'gy': 3.56, 'gz': -0.35}]",2026-02-13 10:25:46,0.0
"[{'t_us': 1543259643, 'ax': -0.93, 'ay': -0.09, 'az': -0.24, 'gx': -4.52, 'gy': 3.54, 'gz': -0.31}, {'t_us': 1543273311, 'ax': -0.94, 'ay': -0.09, 'az': -0.24, 'gx': -4.31, 'gy': 3.54, 'gz': -0.56}, {'t_us': 1543293317, 'ax': -0.93, 'ay': -0.09, 'az': -0.25, 'gx': -4.11, 'gy': 3.86, 'gz': -0.4}, {'t_us': 1543313338, 'ax': -0.93, 'ay': -0.09, 'az': -0.26, 'gx': -3.62, 'gy': 4.08, 'gz': -0.52}, {'t_us': 1543333330, 'ax': -0.94, 'ay': -0.09, 'az': -0.27, 'gx': -3.62, 'gy': 4.14, 'gz': -0.24}]",2026-02-13 10:25:46,0.0
"[{'t_us': 1543359554, 'ax': -0.94, 'ay': -0.09, 'az': -0.25, 'gx': -3.02, 'gy': 3.92, 'gz': -0.26}, {'t_us': 1543373556, 'ax': -0.93, 'ay': -0.1, 'az': -0.26, 'gx': -2.79, 'gy': 3.86, 'gz': -0.11}, {'t_us': 1543393293, 'ax': -0.93, 'ay': -0.09, 'az': -0.26, 'gx': -2.52, 'gy': 3.63, 'gz': -0.05}, {'t_us': 1543413330, 'ax': -0.94, 'ay': -0.1, 'az': -0.26, 'gx': -2.17, 'gy': 3.5, 'gz': 0.09}, {'t_us': 1543433306, 'ax': -0.93, 'ay': -0.09, 'az': -0.26, 'gx': -2.44, 'gy': 3.37, 'gz': -0.14}]",2026-02-13 10:25:46,0.0
"[{'t_us': 1543459368, 'ax': -0.94, 'ay': -0.09, 'az': -0.26, 'gx': -2.58, 'gy': 3.92, 'gz': -0.24}, {'t_us': 1543473292, 'ax': -0.94, 'ay': -0.08, 'az': -0.25, 'gx': -2.73, 'gy': 3.51, 'gz': -0.37}, {'t_us': 1543493306, 'ax': -0.94, 'ay': -0.08, 'az': -0.25, 'gx': -2.79, 'gy': 2.78, 'gz': -0.46}, {'t_us': 1543513333, 'ax': -0.93, 'ay': -0.09, 'az': -0.26, 'gx': -3.21, 'gy': 2.18, 'gz': -0.27}, {'t_us': 1543533298, 'ax': -0.93, 'ay': -0.09, 'az': -0.25, 'gx': -3.65, 'gy': 2.92, 'gz': -0.47}]",2026-02-13 10:25:46,0.0
"[{'t_us': 1543560072, 'ax': -0.93, 'ay': -0.08, 'az': -0.26, 'gx': -4.14, 'gy': 2.72, 'gz': -0.6}, {'t_us': 1543573278, 'ax': -0.94, 'ay': -0.09, 'az': -0.25, 'gx': -4.02, 'gy': 2.52, 'gz': -0.75}, {'t_us': 1543593280, 'ax': -0.94, 'ay': -0.09, 'az': -0.26, 'gx': -4.27, 'gy': 1.59, 'gz': -0.63}, {'t_us': 1543613311, 'ax': -0.93, 'ay': -0.09, 'az': -0.26, 'gx': -4.5, 'gy': 1.05, 'gz': -0.63}, {'t_us': 1543633290, 'ax': -0.93, 'ay': -0.09, 'az': -0.25, 'gx': -4.9, 'gy': 0.96, 'gz': -0.96}]",2026-02-13 10:25:46,0.0
"[{'t_us': 1543660051, 'ax': -0.93, 'ay': -0.09, 'az': -0.25, 'gx': -4.89, 'gy': 0.75, 'gz': -0.89}, {'t_us': 1543673307, 'ax': -0.93, 'ay': -0.09, 'az': -0.25, 'gx': -5.05, 'gy': 0.98, 'gz': -0.9}, {'t_us': 1543693311, 'ax': -0.94, 'ay': -0.09, 'az': -0.25, 'gx': -4.85, 'gy': 0.96, 'gz': -0.89}, {'t_us': 1543713338, 'ax': -0.94, 'ay': -0.09, 'az': -0.24, 'gx': -4.9, 'gy': 1.5, 'gz': -0.95}, {'t_us': 1543733311, 'ax': -0.94, 'ay': -0.09, 'az': -0.25, 'gx': -4.81, 'gy': 1.89, 'gz': -1.02}]",2026-02-13 10:25:46,0.0
"[{'t_us': 1543759523, 'ax': -0.94, 'ay': -0.1, 'az': -0.24, 'gx': -5.07, 'gy': 1.88, 'gz': -1.15}, {'t_us': 1543773275, 'ax': -0.93, 'ay': -0.1, 'az': -0.25, 'gx': -4.89, 'gy': 1.37, 'gz': -0.96}, {'t_us': 1543793274, 'ax': -0.94, 'ay': -0.1, 'az': -0.25, 'gx': -4.87, 'gy': 1.48, 'gz': -0.92}, {'t_us': 1543813306, 'ax': -0.93, 'ay': -0.09, 'az': -0.25, 'gx': -4.02, 'gy': 2.05, 'gz': -0.46}, {'t_us': 1543833290, 'ax': -0.93, 'ay': -0.09, 'az': -0.25, 'gx': -3.73, 'gy': 2.58, 'gz': -0.09}]",2026-02-13 10:25:46,0.0
"[{'t_us': 1543858405, 'ax': -0.94, 'ay': -0.1, 'az': -0.25, 'gx': -3.18, 'gy': 3.18, 'gz': 0.15}, {'t_us': 1543873301, 'ax': -0.94, 'ay': -0.1, 'az': -0.25, 'gx': -2.81, 'gy': 2.85, 'gz': 0.37}, {'t_us': 1543893311, 'ax': -0.93, 'ay': -0.11, 'az': -0.25, 'gx': -2.92, 'gy': 3.16, 'gz': 0.32}, {'t_us': 1543913311, 'ax': -0.94, 'ay': -0.09, 'az': -0.25, 'gx': -2.85, 'gy': 3.34, 'gz': 0.23}, {'t_us': 1543933330, 'ax': -0.93, 'ay': -0.09, 'az': -0.24, 'gx': -2.99, 'gy': 3.73, 'gz': 0.4}]",2026-02-13 10:25:47,0.0
"[{'t_us': 1543959622, 'ax': -0.94, 'ay': -0.1, 'az': -0.24, 'gx': -2.98, 'gy': 3.91, 'gz': 0.64}, {'t_us': 1543973301, 'ax': -0.95, 'ay': -0.1, 'az': -0.24, 'gx': -3.19, 'gy': 3.36, 'gz': 0.55}, {'t_us': 1543993330, 'ax': -0.94, 'ay': -0.1, 'az': -0.25, 'gx': -3.15, 'gy': 2.76, 'gz': 0.47}, {'t_us': 1544013283, 'ax': -0.94, 'ay': -0.09, 'az': -0.25, 'gx': -3.37, 'gy': 2.32, 'gz': 0.47}, {'t_us': 1544033280, 'ax': -0.94, 'ay': -0.1, 'az': -0.25, 'gx': -3.59, 'gy': 2.23, 'gz': 0.37}]",2026-02-13 10:25:47,0.0
"[{'t_us': 1544059334, 'ax': -0.94, 'ay': -0.09, 'az': -0.24, 'gx': -3.5, 'gy': 1.24, 'gz': 0.14}, {'t_us': 1544073274, 'ax': -0.95, 'ay': -0.09, 'az': -0.23, 'gx': -3.69, 'gy': 0.76, 'gz': -0.03}, {'t_us': 1544093274, 'ax': -0.94, 'ay': -0.1, 'az': -0.24, 'gx': -3.85, 'gy': -0.24, 'gz': -0.27}, {'t_us': 1544113321, 'ax': -0.93, 'ay': -0.1, 'az': -0.24, 'gx': -4.17, 'gy': -0.7, 'gz': -0.5}, {'t_us': 1544133274, 'ax': -0.93, 'ay': -0.1, 'az': -0.23, 'gx': -4.29, 'gy': -0.27, 'gz': -0.37}]",2026-02-13 10:25:47,0.0
"[{'t_us': 1544159560, 'ax': -0.94, 'ay': -0.1, 'az': -0.24, 'gx': -4.43, 'gy': 0.73, 'gz': -0.61}, {'t_us': 1544173293, 'ax': -0.93, 'ay': -0.1, 'az': -0.25, 'gx': -3.8, 'gy': 1.24, 'gz': -0.21}, {'t_us': 1544193306, 'ax': -0.93, 'ay': -0.1, 'az': -0.25, 'gx': -3.86, 'gy': 1.63, 'gz': -0.24}, {'t_us': 1544213333, 'ax': -0.93, 'ay': -0.09, 'az': -0.24, 'gx': -3.15, 'gy': 2.4, 'gz': -0.26}, {'t_us': 1544233274, 'ax': -0.94, 'ay': -0.09, 'az': -0.24, 'gx': -2.85, 'gy': 2.55, 'gz': -0.15}]",2026-02-13 10:25:47,0.0
"[{'t_us': 1544258095, 'ax': -0.94, 'ay': -0.09, 'az': -0.23, 'gx': -3.08, 'gy': 2.23, 'gz': -0.05}, {'t_us': 1544273311, 'ax': -0.94, 'ay': -0.1, 'az': -0.24, 'gx': -3.31, 'gy': 1.98, 'gz': -0.02}, {'t_us': 1544293317, 'ax': -0.93, 'ay': -0.1, 'az': -0.25, 'gx': -3.47, 'gy': 2.4, 'gz': -0.31}, {'t_us': 1544313338, 'ax': -0.94, 'ay': -0.09, 'az': -0.23, 'gx': -3.28, 'gy': 2.53, 'gz': -0.37}, {'t_us': 1544333293, 'ax': -0.94, 'ay': -0.09, 'az': -0.23, 'gx': -3.37, 'gy': 2.9, 'gz': -0.35}]",2026-02-13 10:25:47,0.0
"[{'t_us': 1544359526, 'ax': -0.94, 'ay': -0.09, 'az': -0.23, 'gx': -3.68, 'gy': 2.15, 'gz': -0.49}, {'t_us': 1544373326, 'ax': -0.94, 'ay': -0.09, 'az': -0.23, 'gx': -4.11, 'gy': 2.05, 'gz': -0.56}, {'t_us': 1544393330, 'ax': -0.94, 'ay': -0.09, 'az': -0.23, 'gx': -4.55, 'gy': 2.05, 'gz': -0.58}, {'t_us': 1544413317, 'ax': -0.94, 'ay': -0.09, 'az': -0.24, 'gx': -4.53, 'gy': 2.32, 'gz': -0.56}, {'t_us': 1544433338, 'ax': -0.93, 'ay': -0.09, 'az': -0.23, 'gx': -4.5, 'gy': 2.84, 'gz': -0.75}]",2026-02-13 10:25:47,0.0
"[{'t_us': 1544458307, 'ax': -0.94, 'ay': -0.09, 'az': -0.23, 'gx': -4.79, 'gy': 3.05, 'gz': -0.58}, {'t_us': 1544473338, 'ax': -0.94, 'ay': -0.09, 'az': -0.23, 'gx': -4.95, 'gy': 2.66, 'gz': -0.49}, {'t_us': 1544493338, 'ax': -0.94, 'ay': -0.09, 'az': -0.23, 'gx': -5.24, 'gy': 2.49, 'gz': -0.76}, {'t_us': 1544513306, 'ax': -0.94, 'ay': -0.09, 'az': -0.23, 'gx': -5.68, 'gy': 2.08, 'gz': -0.92}, {'t_us': 1544533270, 'ax': -0.93, 'ay': -0.09, 'az': -0.23, 'gx': -5.88, 'gy': 1.79, 'gz': -0.61}]",2026-02-13 10:25:47,0.0
"[{'t_us': 1544560970, 'ax': -0.94, 'ay': -0.09, 'az': -0.23, 'gx': -5.62, 'gy': 1.88, 'gz': -0.69}, {'t_us': 1544573307, 'ax': -0.94, 'ay': -0.09, 'az': -0.23, 'gx': -5.27, 'gy': 1.88, 'gz': -0.56}, {'t_us': 1544593311, 'ax': -0.94, 'ay': -0.1, 'az': -0.23, 'gx': -4.9, 'gy': 2.2, 'gz': -0.61}, {'t_us': 1544613338, 'ax': -0.94, 'ay': -0.1, 'az': -0.23, 'gx': -5.04, 'gy': 2.26, 'gz': -0.63}, {'t_us': 1544633274, 'ax': -0.95, 'ay': -0.1, 'az': -0.22, 'gx': -4.78, 'gy': 1.82, 'gz': -0.47}]",2026-02-13 10:25:47,0.0
"[{'t_us': 1544660832, 'ax': -0.94, 'ay': -0.1, 'az': -0.23, 'gx': -4.67, 'gy': 2.5, 'gz': -0.56}, {'t_us': 1544673279, 'ax': -0.94, 'ay': -0.1, 'az': -0.23, 'gx': -4.49, 'gy': 2.5, 'gz': -0.4}, {'t_us': 1544693280, 'ax': -0.94, 'ay': -0.1, 'az': -0.24, 'gx': -4.31, 'gy': 2.73, 'gz': -0.66}, {'t_us': 1544713311, 'ax': -0.94, 'ay': -0.1, 'az': -0.23, 'gx': -4.02, 'gy': 2.7, 'gz': -0.6}, {'t_us': 1544733321, 'ax': -0.94, 'ay': -0.1, 'az': -0.23, 'gx': -3.8, 'gy': 2.5, 'gz': -0.5}]",2026-02-13 10:25:47,0.0
"[{'t_us': 1544758408, 'ax': -0.93, 'ay': -0.1, 'az': -0.22, 'gx': -3.85, 'gy': 2.66, 'gz': -0.44}, {'t_us': 1544773326, 'ax': -0.93, 'ay': -0.1, 'az': -0.23, 'gx': -3.97, 'gy': 2.79, 'gz': -0.35}, {'t_us': 1544793330, 'ax': -0.94, 'ay': -0.1, 'az': -0.24, 'gx': -4.08, 'gy': 2.81, 'gz': -0.37}, {'t_us': 1544813284, 'ax': -0.94, 'ay': -0.09, 'az': -0.23, 'gx': -3.85, 'gy': 3.15, 'gz': -0.34}, {'t_us': 1544833306, 'ax': -0.94, 'ay': -0.1, 'az': -0.23, 'gx': -3.57, 'gy': 2.9, 'gz': -0.31}]",2026-02-13 10:25:47,0.0
"[{'t_us': 1544859590, 'ax': -0.94, 'ay': -0.1, 'az': -0.24, 'gx': -3.28, 'gy': 2.98, 'gz': -0.02}, {'t_us': 1544873337, 'ax': -0.93, 'ay': -0.09, 'az': -0.23, 'gx': -3.24, 'gy': 3.02, 'gz': -0.12}, {'t_us': 1544893280, 'ax': -0.93, 'ay': -0.1, 'az': -0.22, 'gx': -3.18, 'gy': 3.51, 'gz': -0.14}, {'t_us': 1544913349, 'ax': -0.94, 'ay': -0.09, 'az': -0.22, 'gx': -3.25, 'gy': 3.73, 'gz': -0.34}, {'t_us': 1544933270, 'ax': -0.94, 'ay': -0.09, 'az': -0.24, 'gx': -3.56, 'gy': 3.56, 'gz': -0.23}]",2026-02-13 10:25:47,0.0
"[{'t_us': 1544957701, 'ax': -0.94, 'ay': -0.09, 'az': -0.23, 'gx': -3.82, 'gy': 3.54, 'gz': -0.35}, {'t_us': 1544973270, 'ax': -0.94, 'ay': -0.09, 'az': -0.23, 'gx': -3.73, 'gy': 3.51, 'gz': -0.18}, {'t_us': 1544993270, 'ax': -0.95, 'ay': -0.09, 'az': -0.22, 'gx': -3.69, 'gy': 3.22, 'gz': -0.15}, {'t_us': 1545013306, 'ax': -0.94, 'ay': -0.1, 'az': -0.23, 'gx': -4.53, 'gy': 3.34, 'gz': -0.35}, {'t_us': 1545033292, 'ax': -0.94, 'ay': -0.09, 'az': -0.23, 'gx': -4.89, 'gy': 3.3, 'gz': -0.12}]",2026-02-13 10:25:48,0.0
"[{'t_us': 1545059773, 'ax': -0.94, 'ay': -0.09, 'az': -0.23, 'gx': -4.56, 'gy': 3.47, 'gz': 0.02}, {'t_us': 1545073584, 'ax': -0.94, 'ay': -0.09, 'az': -0.24, 'gx': -4.18, 'gy': 3.57, 'gz': 0.03}, {'t_us': 1545093326, 'ax': -0.94, 'ay': -0.1, 'az': -0.23, 'gx': -3.68, 'gy': 3.66, 'gz': 0.4}, {'t_us': 1545113280, 'ax': -0.94, 'ay': -0.1, 'az': -0.23, 'gx': -3.69, 'gy': 3.36, 'gz': 0.24}, {'t_us': 1545133333, 'ax': -0.94, 'ay': -0.1, 'az': -0.23, 'gx': -3.82, 'gy': 3.02, 'gz': 0.08}]",2026-02-13 10:25:48,0.0
"[{'t_us': 1545157875, 'ax': -0.94, 'ay': -0.1, 'az': -0.24, 'gx': -3.69, 'gy': 3.01, 'gz': 0.14}, {'t_us': 1545173307, 'ax': -0.94, 'ay': -0.1, 'az': -0.23, 'gx': -3.16, 'gy': 3.36, 'gz': -0.06}, {'t_us': 1545193311, 'ax': -0.94, 'ay': -0.1, 'az': -0.24, 'gx': -2.6, 'gy': 3.25, 'gz': -0.11}, {'t_us': 1545213338, 'ax': -0.94, 'ay': -0.1, 'az': -0.23, 'gx': -2.0, 'gy': 3.02, 'gz': -0.23}, {'t_us': 1545233292, 'ax': -0.94, 'ay': -0.1, 'az': -0.22, 'gx': -2.12, 'gy': 3.22, 'gz': -0.12}]",2026-02-13 10:25:48,0.0
"[{'t_us': 1545259412, 'ax': -0.94, 'ay': -0.09, 'az': -0.23, 'gx': -2.35, 'gy': 3.98, 'gz': -0.37}, {'t_us': 1545273306, 'ax': -0.94, 'ay': -0.09, 'az': -0.23, 'gx': -2.38, 'gy': 4.11, 'gz': -0.32}, {'t_us': 1545293301, 'ax': -0.94, 'ay': -0.1, 'az': -0.24, 'gx': -2.43, 'gy': 3.89, 'gz': -0.21}, {'t_us': 1545313311, 'ax': -0.95, 'ay': -0.09, 'az': -0.23, 'gx': -2.76, 'gy': 4.24, 'gz': -0.15}, {'t_us': 1545333311, 'ax': -0.94, 'ay': -0.08, 'az': -0.23, 'gx': -3.04, 'gy': 4.23, 'gz': -0.2}]",2026-02-13 10:25:48,0.0
"[{'t_us': 1545359664, 'ax': -0.94, 'ay': -0.09, 'az': -0.22, 'gx': -3.39, 'gy': 4.52, 'gz': -0.11}, {'t_us': 1545373307, 'ax': -0.94, 'ay': -0.09, 'az': -0.22, 'gx': -3.62, 'gy': 4.5, 'gz': -0.31}, {'t_us': 1545393284, 'ax': -0.94, 'ay': -0.09, 'az': -0.22, 'gx': -4.2, 'gy': 3.88, 'gz': 0.05}, {'t_us': 1545413329, 'ax': -0.94, 'ay': -0.1, 'az': -0.23, 'gx': -4.46, 'gy': 3.69, 'gz': -0.12}, {'t_us': 1545433292, 'ax': -0.94, 'ay': -0.09, 'az': -0.23, 'gx': -4.72, 'gy': 3.5, 'gz': -0.15}]",2026-02-13 10:25:48,0.0
"[{'t_us': 1545459079, 'ax': -0.94, 'ay': -0.1, 'az': -0.23, 'gx': -4.49, 'gy': 2.99, 'gz': -0.14}, {'t_us': 1545473268, 'ax': -0.94, 'ay': -0.1, 'az': -0.23, 'gx': -4.41, 'gy': 2.89, 'gz': 0.0}, {'t_us': 1545493306, 'ax': -0.94, 'ay': -0.09, 'az': -0.23, 'gx': -4.2, 'gy': 2.43, 'gz': -0.34}, {'t_us': 1545513333, 'ax': -0.94, 'ay': -0.09, 'az': -0.23, 'gx': -4.09, 'gy': 2.5, 'gz': -0.17}, {'t_us': 1545533280, 'ax': -0.94, 'ay': -0.1, 'az': -0.24, 'gx': -3.71, 'gy': 2.58, 'gz': -0.18}]",2026-02-13 10:25:48,0.0
"[{'t_us': 1545559429, 'ax': -0.94, 'ay': -0.09, 'az': -0.23, 'gx': -3.44, 'gy': 3.13, 'gz': -0.14}, {'t_us': 1545573288, 'ax': -0.94, 'ay': -0.1, 'az': -0.23, 'gx': -2.9, 'gy': 2.84, 'gz': -0.14}, {'t_us': 1545593338, 'ax': -0.94, 'ay': -0.09, 'az': -0.23, 'gx': -2.76, 'gy': 2.89, 'gz': -0.14}, {'t_us': 1545613306, 'ax': -0.94, 'ay': -0.1, 'az': -0.23, 'gx': -2.69, 'gy': 3.53, 'gz': 0.08}, {'t_us': 1545633321, 'ax': -0.94, 'ay': -0.09, 'az': -0.22, 'gx': -2.41, 'gy': 3.85, 'gz': 0.02}]",2026-02-13 10:25:48,0.0
"[{'t_us': 1545659471, 'ax': -0.94, 'ay': -0.1, 'az': -0.22, 'gx': -2.24, 'gy': 3.94, 'gz': 0.02}, {'t_us': 1545673306, 'ax': -0.94, 'ay': -0.09, 'az': -0.23, 'gx': -2.21, 'gy': 3.94, 'gz': 0.32}, {'t_us': 1545693321, 'ax': -0.94, 'ay': -0.09, 'az': -0.23, 'gx': -2.47, 'gy': 3.95, 'gz': 0.11}, {'t_us': 1545713274, 'ax': -0.95, 'ay': -0.09, 'az': -0.23, 'gx': -2.78, 'gy': 3.85, 'gz': -0.06}, {'t_us': 1545733301, 'ax': -0.94, 'ay': -0.09, 'az': -0.23, 'gx': -3.18, 'gy': 3.6, 'gz': -0.02}]",2026-02-13 10:25:48,0.0
"[{'t_us': 1545759431, 'ax': -0.94, 'ay': -0.09, 'az': -0.24, 'gx': -2.98, 'gy': 3.48, 'gz': -0.27}, {'t_us': 1545773279, 'ax': -0.94, 'ay': -0.09, 'az': -0.23, 'gx': -2.73, 'gy': 3.34, 'gz': -0.21}, {'t_us': 1545793274, 'ax': -0.94, 'ay': -0.09, 'az': -0.23, 'gx': -3.04, 'gy': 2.66, 'gz': -0.21}, {'t_us': 1545813306, 'ax': -0.94, 'ay': -0.09, 'az': -0.22, 'gx': -3.95, 'gy': 2.5, 'gz': -0.41}, {'t_us': 1545833293, 'ax': -0.94, 'ay': -0.09, 'az': -0.23, 'gx': -4.41, 'gy': 3.22, 'gz': -0.66}]",2026-02-13 10:25:48,0.0
"[{'t_us': 1545859443, 'ax': -0.94, 'ay': -0.09, 'az': -0.23, 'gx': -3.94, 'gy': 3.11, 'gz': -0.41}, {'t_us': 1545873307, 'ax': -0.94, 'ay': -0.09, 'az': -0.23, 'gx': -3.5, 'gy': 3.3, 'gz': -0.4}, {'t_us': 1545893280, 'ax': -0.94, 'ay': -0.1, 'az': -0.23, 'gx': -3.53, 'gy': 3.21, 'gz': -0.32}, {'t_us': 1545913286, 'ax': -0.94, 'ay': -0.09, 'az': -0.23, 'gx': -3.62, 'gy': 2.87, 'gz': -0.4}, {'t_us': 1545933326, 'ax': -0.94, 'ay': -0.1, 'az': -0.23, 'gx': -3.79, 'gy': 2.92, 'gz': -0.4}]",2026-02-13 10:25:48,0.0
"[{'t_us': 1545957675, 'ax': -0.94, 'ay': -0.09, 'az': -0.24, 'gx': -3.42, 'gy': 3.3, 'gz': -0.52}, {'t_us': 1545973333, 'ax': -0.95, 'ay': -0.09, 'az': -0.23, 'gx': -3.21, 'gy': 3.04, 'gz': -0.32}, {'t_us': 1545993280, 'ax': -0.94, 'ay': -0.09, 'az': -0.23, 'gx': -3.08, 'gy': 2.81, 'gz': -0.27}, {'t_us': 1546013311, 'ax': -0.94, 'ay': -0.09, 'az': -0.23, 'gx': -2.92, 'gy': 2.99, 'gz': -0.31}, {'t_us': 1546033307, 'ax': -0.94, 'ay': -0.09, 'az': -0.22, 'gx': -3.18, 'gy': 3.19, 'gz': -0.23}]",2026-02-13 10:25:49,0.0
"[{'t_us': 1546057812, 'ax': -0.95, 'ay': -0.1, 'az': -0.23, 'gx': -3.5, 'gy': 3.27, 'gz': -0.14}, {'t_us': 1546073321, 'ax': -0.94, 'ay': -0.09, 'az': -0.23, 'gx': -3.68, 'gy': 2.81, 'gz': -0.29}, {'t_us': 1546093311, 'ax': -0.94, 'ay': -0.09, 'az': -0.23, 'gx': -3.34, 'gy': 3.15, 'gz': -0.26}, {'t_us': 1546113338, 'ax': -0.94, 'ay': -0.09, 'az': -0.23, 'gx': -3.44, 'gy': 3.11, 'gz': -0.08}, {'t_us': 1546133293, 'ax': -0.94, 'ay': -0.09, 'az': -0.24, 'gx': -3.51, 'gy': 2.96, 'gz': -0.35}]",2026-02-13 10:25:49,0.0
"[{'t_us': 1546159430, 'ax': -0.94, 'ay': -0.09, 'az': -0.23, 'gx': -3.53, 'gy': 3.53, 'gz': -0.35}, {'t_us': 1546173307, 'ax': -0.93, 'ay': -0.09, 'az': -0.23, 'gx': -3.73, 'gy': 3.28, 'gz': -0.11}, {'t_us': 1546193298, 'ax': -0.94, 'ay': -0.09, 'az': -0.24, 'gx': -3.86, 'gy': 3.6, 'gz': -0.38}, {'t_us': 1546213338, 'ax': -0.94, 'ay': -0.1, 'az': -0.23, 'gx': -3.85, 'gy': 3.56, 'gz': -0.41}, {'t_us': 1546233285, 'ax': -0.94, 'ay': -0.09, 'az': -0.24, 'gx': -3.59, 'gy': 3.25, 'gz': -0.44}]",2026-02-13 10:25:49,0.0
"[{'t_us': 1546259440, 'ax': -0.94, 'ay': -0.1, 'az': -0.23, 'gx': -3.53, 'gy': 3.82, 'gz': -0.32}, {'t_us': 1546274778, 'ax': -0.94, 'ay': -0.1, 'az': -0.23, 'gx': -3.48, 'gy': 4.9, 'gz': -0.35}, {'t_us': 1546293321, 'ax': -0.94, 'ay': -0.1, 'az': -0.23, 'gx': -3.62, 'gy': 6.95, 'gz': -0.47}, {'t_us': 1546313330, 'ax': -0.94, 'ay': -0.1, 'az': -0.23, 'gx': -3.79, 'gy': 8.44, 'gz': -0.75}, {'t_us': 1546333330, 'ax': -0.94, 'ay': -0.1, 'az': -0.24, 'gx': -3.56, 'gy': 7.83, 'gz': -0.43}]",2026-02-13 10:25:49,0.0
"[{'t_us': 1546359348, 'ax': -0.94, 'ay': -0.09, 'az': -0.25, 'gx': -3.25, 'gy': 6.34, 'gz': -0.46}, {'t_us': 1546373285, 'ax': -0.94, 'ay': -0.09, 'az': -0.24, 'gx': -2.98, 'gy': 6.26, 'gz': -0.14}, {'t_us': 1546393330, 'ax': -0.94, 'ay': -0.08, 'az': -0.24, 'gx': -2.87, 'gy': 5.54, 'gz': -0.4}, {'t_us': 1546413284, 'ax': -0.94, 'ay': -0.1, 'az': -0.23, 'gx': -3.1, 'gy': 5.01, 'gz': -0.58}, {'t_us': 1546433306, 'ax': -0.93, 'ay': -0.1, 'az': -0.24, 'gx': -3.28, 'gy': 4.52, 'gz': -0.52}]",2026-02-13 10:25:49,0.0
"[{'t_us': 1546457575, 'ax': -0.94, 'ay': -0.09, 'az': -0.24, 'gx': -3.19, 'gy': 4.18, 'gz': -0.58}, {'t_us': 1546473311, 'ax': -0.94, 'ay': -0.1, 'az': -0.23, 'gx': -3.37, 'gy': 3.66, 'gz': -0.61}, {'t_us': 1546493317, 'ax': -0.94, 'ay': -0.1, 'az': -0.24, 'gx': -3.3, 'gy': 3.37, 'gz': -0.44}, {'t_us': 1546513280, 'ax': -0.95, 'ay': -0.09, 'az': -0.23, 'gx': -3.45, 'gy': 2.85, 'gz': -0.4}, {'t_us': 1546533330, 'ax': -0.94, 'ay': -0.09, 'az': -0.25, 'gx': -3.37, 'gy': 2.81, 'gz': -0.56}]",2026-02-13 10:25:49,0.0
"[{'t_us': 1546559411, 'ax': -0.93, 'ay': -0.1, 'az': -0.23, 'gx': -3.74, 'gy': 3.28, 'gz': -0.47}, {'t_us': 1546573293, 'ax': -0.94, 'ay': -0.09, 'az': -0.23, 'gx': -3.47, 'gy': 3.16, 'gz': -0.32}, {'t_us': 1546593321, 'ax': -0.94, 'ay': -0.09, 'az': -0.24, 'gx': -3.5, 'gy': 2.99, 'gz': -0.23}, {'t_us': 1546613276, 'ax': -0.93, 'ay': -0.1, 'az': -0.23, 'gx': -3.82, 'gy': 2.44, 'gz': -0.26}, {'t_us': 1546633284, 'ax': -0.94, 'ay': -0.1, 'az': -0.23, 'gx': -4.31, 'gy': 2.55, 'gz': -0.31}]",2026-02-13 10:25:49,0.0
"[{'t_us': 1546657909, 'ax': -0.94, 'ay': -0.09, 'az': -0.24, 'gx': -4.02, 'gy': 3.37, 'gz': -0.46}, {'t_us': 1546673270, 'ax': -0.95, 'ay': -0.1, 'az': -0.24, 'gx': -3.91, 'gy': 2.89, 'gz': -0.43}, {'t_us': 1546693306, 'ax': -0.94, 'ay': -0.1, 'az': -0.23, 'gx': -3.74, 'gy': 2.84, 'gz': -0.35}, {'t_us': 1546713275, 'ax': -0.94, 'ay': -0.1, 'az': -0.24, 'gx': -3.66, 'gy': 2.98, 'gz': -0.18}, {'t_us': 1546733280, 'ax': -0.94, 'ay': -0.1, 'az': -0.24, 'gx': -4.2, 'gy': 2.73, 'gz': -0.34}]",2026-02-13 10:25:49,0.0
"[{'t_us': 1546759560, 'ax': -0.94, 'ay': -0.1, 'az': -0.23, 'gx': -4.18, 'gy': 2.23, 'gz': -0.4}, {'t_us': 1546773274, 'ax': -0.94, 'ay': -0.1, 'az': -0.24, 'gx': -3.98, 'gy': 1.95, 'gz': -0.29}, {'t_us': 1546793301, 'ax': -0.94, 'ay': -0.09, 'az': -0.23, 'gx': -3.83, 'gy': 2.35, 'gz': -0.29}, {'t_us': 1546813311, 'ax': -0.94, 'ay': -0.09, 'az': -0.24, 'gx': -3.94, 'gy': 2.73, 'gz': -0.5}, {'t_us': 1546833338, 'ax': -0.95, 'ay': -0.09, 'az': -0.24, 'gx': -4.27, 'gy': 3.8, 'gz': -0.14}]",2026-02-13 10:25:49,0.0
"[{'t_us': 1546859352, 'ax': -0.96, 'ay': -0.09, 'az': -0.27, 'gx': -5.04, 'gy': 5.01, 'gz': -0.31}, {'t_us': 1546873298, 'ax': -0.97, 'ay': -0.09, 'az': -0.29, 'gx': -5.18, 'gy': 5.16, 'gz': -0.37}, {'t_us': 1546893306, 'ax': -0.95, 'ay': -0.09, 'az': -0.29, 'gx': -4.46, 'gy': 4.05, 'gz': -0.46}, {'t_us': 1546913333, 'ax': -0.92, 'ay': -0.09, 'az': -0.28, 'gx': -3.62, 'gy': 3.37, 'gz': 0.12}, {'t_us': 1546933326, 'ax': -0.93, 'ay': -0.09, 'az': -0.27, 'gx': -3.88, 'gy': 3.62, 'gz': 0.32}]",2026-02-13 10:25:49,0.0
"[{'t_us': 1546959351, 'ax': -0.94, 'ay': -0.07, 'az': -0.29, 'gx': -4.79, 'gy': 3.1, 'gz': 0.38}, {'t_us': 1546973274, 'ax': -0.95, 'ay': -0.07, 'az': -0.3, 'gx': -5.31, 'gy': 2.52, 'gz': 0.08}, {'t_us': 1546993274, 'ax': -0.94, 'ay': -0.08, 'az': -0.3, 'gx': -5.15, 'gy': 0.12, 'gz': -0.35}, {'t_us': 1547013300, 'ax': -0.93, 'ay': -0.08, 'az': -0.3, 'gx': -4.98, 'gy': -1.86, 'gz': -0.41}, {'t_us': 1547033274, 'ax': -0.93, 'ay': -0.08, 'az': -0.29, 'gx': -3.92, 'gy': -3.07, 'gz': -0.99}]",2026-02-13 10:25:50,0.0
"[{'t_us': 1547059392, 'ax': -0.94, 'ay': -0.09, 'az': -0.29, 'gx': -2.87, 'gy': -4.2, 'gz': -1.48}, {'t_us': 1547073270, 'ax': -0.94, 'ay': -0.08, 'az': -0.29, 'gx': -3.04, 'gy': -4.69, 'gz': -1.08}, {'t_us': 1547093306, 'ax': -0.95, 'ay': -0.07, 'az': -0.29, 'gx': -3.04, 'gy': -6.58, 'gz': -0.93}, {'t_us': 1547113270, 'ax': -0.94, 'ay': -0.07, 'az': -0.3, 'gx': -3.92, 'gy': -7.69, 'gz': -0.52}, {'t_us': 1547133280, 'ax': -0.95, 'ay': -0.08, 'az': -0.3, 'gx': -3.3, 'gy': -9.1, 'gz': -1.25}]",2026-02-13 10:25:50,0.0
"[{'t_us': 1547157908, 'ax': -0.95, 'ay': -0.09, 'az': -0.29, 'gx': -3.53, 'gy': -10.7, 'gz': -2.6}, {'t_us': 1547173270, 'ax': -0.93, 'ay': -0.09, 'az': -0.3, 'gx': -3.05, 'gy': -12.23, 'gz': -2.24}, {'t_us': 1547193306, 'ax': -0.92, 'ay': -0.09, 'az': -0.29, 'gx': -1.88, 'gy': -13.01, 'gz': -2.03}, {'t_us': 1547213326, 'ax': -0.92, 'ay': -0.08, 'az': -0.29, 'gx': -0.89, 'gy': -13.4, 'gz': -2.23}, {'t_us': 1547233321, 'ax': -0.92, 'ay': -0.09, 'az': -0.28, 'gx': 0.17, 'gy': -14.44, 'gz': -2.46}]",2026-02-13 10:25:50,0.0
"[{'t_us': 1547259384, 'ax': -0.92, 'ay': -0.1, 'az': -0.26, 'gx': 1.24, 'gy': -16.0, 'gz': -2.63}, {'t_us': 1547273284, 'ax': -0.92, 'ay': -0.09, 'az': -0.26, 'gx': 1.53, 'gy': -16.56, 'gz': -2.21}, {'t_us': 1547293311, 'ax': -0.94, 'ay': -0.08, 'az': -0.27, 'gx': 1.69, 'gy': -16.47, 'gz': -2.02}, {'t_us': 1547313306, 'ax': -0.95, 'ay': -0.08, 'az': -0.27, 'gx': 1.33, 'gy': -16.98, 'gz': -2.35}, {'t_us': 1547333275, 'ax': -0.94, 'ay': -0.07, 'az': -0.28, 'gx': 0.9, 'gy': -18.03, 'gz': -2.75}]",2026-02-13 10:25:50,0.0
"[{'t_us': 1547359369, 'ax': -0.93, 'ay': -0.08, 'az': -0.25, 'gx': 0.52, 'gy': -19.66, 'gz': -3.08}, {'t_us': 1547373321, 'ax': -0.92, 'ay': -0.09, 'az': -0.26, 'gx': 0.7, 'gy': -20.47, 'gz': -3.22}, {'t_us': 1547393326, 'ax': -0.93, 'ay': -0.1, 'az': -0.25, 'gx': 1.07, 'gy': -21.04, 'gz': -2.95}, {'t_us': 1547413280, 'ax': -0.94, 'ay': -0.09, 'az': -0.24, 'gx': 1.44, 'gy': -22.38, 'gz': -2.56}, {'t_us': 1547433274, 'ax': -0.94, 'ay': -0.08, 'az': -0.22, 'gx': 0.9, 'gy': -25.19, 'gz': -2.47}]",2026-02-13 10:25:50,0.0
"[{'t_us': 1547458003, 'ax': -0.94, 'ay': -0.08, 'az': -0.2, 'gx': -1.25, 'gy': -28.58, 'gz': -3.34}, {'t_us': 1547473284, 'ax': -0.93, 'ay': -0.08, 'az': -0.2, 'gx': -1.98, 'gy': -29.34, 'gz': -3.94}, {'t_us': 1547493317, 'ax': -0.93, 'ay': -0.08, 'az': -0.21, 'gx': -2.66, 'gy': -29.73, 'gz': -4.03}, {'t_us': 1547513333, 'ax': -0.93, 'ay': -0.09, 'az': -0.21, 'gx': -2.34, 'gy': -31.62, 'gz': -4.09}, {'t_us': 1547533326, 'ax': -0.94, 'ay': -0.11, 'az': -0.2, 'gx': -1.91, 'gy': -34.05, 'gz': -3.69}]",2026-02-13 10:25:50,0.0
"[{'t_us': 1547559873, 'ax': -0.93, 'ay': -0.11, 'az': -0.2, 'gx': -1.18, 'gy': -37.63, 'gz': -2.82}, {'t_us': 1547573268, 'ax': -0.92, 'ay': -0.12, 'az': -0.2, 'gx': -1.25, 'gy': -39.16, 'gz': -3.04}, {'t_us': 1547593338, 'ax': -0.91, 'ay': -0.11, 'az': -0.18, 'gx': -0.72, 'gy': -40.7, 'gz': -3.83}, {'t_us': 1547613306, 'ax': -0.91, 'ay': -0.13, 'az': -0.2, 'gx': -0.72, 'gy': -39.82, 'gz': -4.14}, {'t_us': 1547633307, 'ax': -0.91, 'ay': -0.13, 'az': -0.19, 'gx': -1.8, 'gy': -41.07, 'gz': -4.17}]",2026-02-13 10:25:50,0.0
"[{'t_us': 1547659916, 'ax': -0.88, 'ay': -0.1, 'az': -0.2, 'gx': -2.2, 'gy': -43.88, 'gz': -4.08}, {'t_us': 1547673338, 'ax': -0.86, 'ay': -0.08, 'az': -0.2, 'gx': -1.48, 'gy': -46.2, 'gz': -4.5}, {'t_us': 1547693330, 'ax': -0.84, 'ay': -0.09, 'az': -0.17, 'gx': -0.98, 'gy': -48.35, 'gz': -6.14}, {'t_us': 1547713284, 'ax': -0.83, 'ay': -0.1, 'az': -0.16, 'gx': -0.61, 'gy': -50.61, 'gz': -8.44}, {'t_us': 1547733317, 'ax': -0.81, 'ay': -0.12, 'az': -0.16, 'gx': -0.24, 'gy': -52.93, 'gz': -9.91}]",2026-02-13 10:25:50,0.0
"[{'t_us': 1547759447, 'ax': -0.78, 'ay': -0.12, 'az': -0.13, 'gx': 0.75, 'gy': -54.58, 'gz': -8.82}, {'t_us': 1547773284, 'ax': -0.78, 'ay': -0.1, 'az': -0.12, 'gx': -0.26, 'gy': -56.52, 'gz': -7.56}, {'t_us': 1547793284, 'ax': -0.79, 'ay': -0.07, 'az': -0.1, 'gx': -2.46, 'gy': -64.5, 'gz': -5.91}, {'t_us': 1547813329, 'ax': -0.73, 'ay': -0.05, 'az': -0.11, 'gx': -6.53, 'gy': -74.18, 'gz': -4.11}, {'t_us': 1547833282, 'ax': -0.57, 'ay': -0.07, 'az': -0.11, 'gx': -11.33, 'gy': -71.24, 'gz': -2.72}]",2026-02-13 10:25:50,0.0
"[{'t_us': 1547858109, 'ax': -0.49, 'ay': -0.15, 'az': -0.13, 'gx': -9.24, 'gy': -50.82, 'gz': -1.86}, {'t_us': 1547873311, 'ax': -0.53, 'ay': -0.18, 'az': -0.2, 'gx': -2.38, 'gy': -51.08, 'gz': -2.87}, {'t_us': 1547893293, 'ax': -0.47, 'ay': -0.23, 'az': -0.2, 'gx': 5.5, 'gy': -60.66, 'gz': -1.63}, {'t_us': 1547913284, 'ax': -0.3, 'ay': -0.19, 'az': -0.2, 'gx': 4.95, 'gy': -57.48, 'gz': 3.71}, {'t_us': 1547933270, 'ax': -0.25, 'ay': -0.11, 'az': -0.2, 'gx': 3.39, 'gy': -45.22, 'gz': 7.45}]",2026-02-13 10:25:50,0.0
"[{'t_us': 1547958191, 'ax': -0.34, 'ay': 0.01, 'az': -0.11, 'gx': 6.29, 'gy': -54.78, 'gz': 4.43}, {'t_us': 1547973274, 'ax': -0.31, 'ay': 0.04, 'az': -0.06, 'gx': 9.91, 'gy': -72.81, 'gz': 0.41}, {'t_us': 1547993274, 'ax': -0.13, 'ay': 0.01, 'az': 0.0, 'gx': 11.42, 'gy': -81.05, 'gz': -2.7}, {'t_us': 1548013306, 'ax': 0.14, 'ay': -0.06, 'az': -0.06, 'gx': 8.53, 'gy': -63.1, 'gz': 3.27}, {'t_us': 1548033311, 'ax': 0.24, 'ay': -0.06, 'az': -0.08, 'gx': 7.33, 'gy': -46.69, 'gz': 8.55}]",2026-02-13 10:25:51,0.0
"[{'t_us': 1548059489, 'ax': 0.27, 'ay': -0.09, 'az': -0.09, 'gx': 8.72, 'gy': -53.48, 'gz': 7.77}, {'t_us': 1548073311, 'ax': 0.25, 'ay': -0.1, 'az': -0.11, 'gx': 5.39, 'gy': -54.56, 'gz': 4.5}, {'t_us': 1548093292, 'ax': 0.23, 'ay': 0.04, 'az': -0.08, 'gx': -2.5, 'gy': -52.69, 'gz': -3.07}, {'t_us': 1548113306, 'ax': 0.28, 'ay': 0.2, 'az': 0.28, 'gx': -19.5, 'gy': -33.56, 'gz': -15.44}, {'t_us': 1548133339, 'ax': 0.47, 'ay': 0.08, 'az': 0.2, 'gx': -21.25, 'gy': -6.21, 'gz': -17.8}]",2026-02-13 10:25:51,0.0
"[{'t_us': 1548159721, 'ax': -0.52, 'ay': -0.13, 'az': 0.83, 'gx': -16.35, 'gy': -92.78, 'gz': -9.48}, {'t_us': 1548173326, 'ax': -1.22, 'ay': -0.17, 'az': 1.68, 'gx': -19.66, 'gy': -152.82, 'gz': -15.08}, {'t_us': 1548193311, 'ax': -2.0, 'ay': -0.19, 'az': 2.0, 'gx': -30.38, 'gy': -211.48, 'gz': -47.98}, {'t_us': 1548213317, 'ax': -2.0, 'ay': -0.94, 'az': 2.0, 'gx': 13.34, 'gy': -117.24, 'gz': -27.88}, {'t_us': 1548233338, 'ax': -2.0, 'ay': -1.15, 'az': 1.2, 'gx': 60.63, 'gy': -399.65, 'gz': 7.15}]",2026-02-13 10:25:51,0.0
"[{'t_us': 1548259647, 'ax': -2.0, 'ay': -0.46, 'az': 2.0, 'gx': 32.47, 'gy': -339.28, 'gz': -21.74}, {'t_us': 1548273321, 'ax': -1.72, 'ay': -0.39, 'az': 2.0, 'gx': 39.22, 'gy': -289.11, 'gz': -40.12}, {'t_us': 1548293326, 'ax': 0.07, 'ay': 0.16, 'az': 2.0, 'gx': 11.07, 'gy': -251.05, 'gz': -48.7}, {'t_us': 1548313280, 'ax': 2.0, 'ay': -0.13, 'az': 2.0, 'gx': -10.92, 'gy': -100.09, 'gz': 19.98}, {'t_us': 1548333306, 'ax': 2.0, 'ay': -0.34, 'az': 0.96, 'gx': 27.16, 'gy': -119.37, 'gz': 52.47}]",2026-02-13 10:25:51,0.0
"[{'t_us': 1548358422, 'ax': 0.62, 'ay': -0.65, 'az': 1.21, 'gx': 7.62, 'gy': 7.42, 'gz': 31.21}, {'t_us': 1548373301, 'ax': -0.08, 'ay': -0.36, 'az': 0.96, 'gx': 20.85, 'gy': 56.37, 'gz': 5.82}, {'t_us': 1548393311, 'ax': -0.27, 'ay': 0.24, 'az': 0.93, 'gx': 16.66, 'gy': 59.5, 'gz': 13.68}, {'t_us': 1548413338, 'ax': -0.43, 'ay': 0.47, 'az': 0.86, 'gx': 1.54, 'gy': 23.63, 'gz': 28.84}, {'t_us': 1548433338, 'ax': -0.37, 'ay': 0.58, 'az': 0.61, 'gx': -0.27, 'gy': 23.24, 'gz': -2.98}]",2026-02-13 10:25:51,0.0
"[{'t_us': 1548459572, 'ax': -0.08, 'ay': 0.53, 'az': 0.37, 'gx': -38.31, 'gy': -15.34, 'gz': -14.2}, {'t_us': 1548473321, 'ax': 0.2, 'ay': 0.45, 'az': 0.26, 'gx': -50.72, 'gy': -52.4, 'gz': -5.48}, {'t_us': 1548493326, 'ax': 0.76, 'ay': 0.05, 'az': 0.57, 'gx': -24.75, 'gy': -24.05, 'gz': 3.04}, {'t_us': 1548513280, 'ax': 0.54, 'ay': -0.3, 'az': 0.89, 'gx': -19.56, 'gy': 48.99, 'gz': 7.04}, {'t_us': 1548533280, 'ax': -0.08, 'ay': -0.41, 'az': 0.97, 'gx': -28.9, 'gy': 75.04, 'gz': -8.05}]",2026-02-13 10:25:51,0.0
"[{'t_us': 1548559560, 'ax': -0.39, 'ay': -0.22, 'az': 0.96, 'gx': -37.44, 'gy': 22.21, 'gz': -15.85}, {'t_us': 1548573271, 'ax': -0.28, 'ay': -0.17, 'az': 0.86, 'gx': -32.87, 'gy': 19.68, 'gz': -10.29}, {'t_us': 1548593270, 'ax': -0.23, 'ay': -0.16, 'az': 0.82, 'gx': -14.99, 'gy': 22.49, 'gz': -1.66}, {'t_us': 1548613306, 'ax': -0.15, 'ay': -0.25, 'az': 0.85, 'gx': -7.1, 'gy': 28.56, 'gz': -0.85}, {'t_us': 1548633338, 'ax': -0.15, 'ay': -0.3, 'az': 0.97, 'gx': -11.33, 'gy': 40.06, 'gz': 6.87}]",2026-02-13 10:25:51,0.0
"[{'t_us': 1548659558, 'ax': -0.38, 'ay': -0.36, 'az': 0.97, 'gx': -11.65, 'gy': 52.89, 'gz': 14.21}, {'t_us': 1548676691, 'ax': -0.48, 'ay': -0.34, 'az': 0.99, 'gx': -8.85, 'gy': 49.31, 'gz': 11.77}, {'t_us': 1548693274, 'ax': -0.45, 'ay': -0.32, 'az': 0.96, 'gx': -9.47, 'gy': 35.05, 'gz': 8.89}, {'t_us': 1548713306, 'ax': -0.29, 'ay': -0.33, 'az': 0.96, 'gx': -6.49, 'gy': 24.17, 'gz': 9.27}, {'t_us': 1548733274, 'ax': -0.19, 'ay': -0.33, 'az': 0.93, 'gx': -8.34, 'gy': 24.21, 'gz': 14.0}]",2026-02-13 10:25:51,0.0
"[{'t_us': 1548759723, 'ax': -0.16, 'ay': -0.39, 'az': 0.99, 'gx': -3.95, 'gy': 7.15, 'gz': 8.9}, {'t_us': 1548773330, 'ax': -0.15, 'ay': -0.4, 'az': 0.95, 'gx': -5.01, 'gy': -8.46, 'gz': 4.41}, {'t_us': 1548793320, 'ax': -0.12, 'ay': -0.32, 'az': 0.94, 'gx': 1.73, 'gy': -21.66, 'gz': -8.15}, {'t_us': 1548813293, 'ax': -0.22, 'ay': -0.27, 'az': 0.82, 'gx': 5.13, 'gy': -9.34, 'gz': -13.02}, {'t_us': 1548833306, 'ax': -0.16, 'ay': -0.16, 'az': 0.78, 'gx': 8.58, 'gy': -16.98, 'gz': -14.63}]",2026-02-13 10:25:51,0.0
"[{'t_us': 1548861959, 'ax': -0.05, 'ay': -0.12, 'az': 0.74, 'gx': 16.49, 'gy': 2.27, 'gz': -10.08}, {'t_us': 1548873348, 'ax': -0.04, 'ay': -0.09, 'az': 0.72, 'gx': 23.25, 'gy': 9.86, 'gz': -11.02}, {'t_us': 1548893311, 'ax': -0.12, 'ay': -0.11, 'az': 0.75, 'gx': 33.89, 'gy': 16.41, 'gz': -10.9}, {'t_us': 1548913317, 'ax': -0.24, 'ay': -0.15, 'az': 0.99, 'gx': 30.12, 'gy': -4.32, 'gz': 2.46}, {'t_us': 1548933301, 'ax': -0.76, 'ay': -0.14, 'az': 0.93, 'gx': 14.7, 'gy': -28.18, 'gz': -3.98}]",2026-02-13 10:25:51,0.0
"[{'t_us': 1548957735, 'ax': -0.65, 'ay': 0.05, 'az': 0.73, 'gx': 3.21, 'gy': -42.63, 'gz': -11.83}, {'t_us': 1548973320, 'ax': -0.47, 'ay': 0.05, 'az': 0.67, 'gx': 2.0, 'gy': -24.87, 'gz': -8.21}, {'t_us': 1548993326, 'ax': -0.27, 'ay': 0.01, 'az': 0.66, 'gx': 4.02, 'gy': 7.31, 'gz': -3.37}, {'t_us': 1549013280, 'ax': -0.26, 'ay': -0.05, 'az': 0.58, 'gx': 2.53, 'gy': 55.02, 'gz': 1.45}, {'t_us': 1549033317, 'ax': -0.46, 'ay': -0.03, 'az': 0.51, 'gx': -2.84, 'gy': 75.8, 'gz': 3.5}]",2026-02-13 10:25:52,0.0
"[{'t_us': 1549057898, 'ax': -0.66, 'ay': -0.05, 'az': 0.66, 'gx': -7.63, 'gy': 44.32, 'gz': 6.58}, {'t_us': 1549073292, 'ax': -0.67, 'ay': -0.09, 'az': 0.79, 'gx': -7.86, 'gy': 17.05, 'gz': 2.37}, {'t_us': 1549093306, 'ax': -0.62, 'ay': -0.15, 'az': 0.88, 'gx': -4.82, 'gy': -4.49, 'gz': -2.31}, {'t_us': 1549113333, 'ax': -0.54, 'ay': -0.17, 'az': 0.94, 'gx': -3.33, 'gy': -14.98, 'gz': -4.82}, {'t_us': 1549133301, 'ax': -0.46, 'ay': -0.13, 'az': 0.98, 'gx': -6.85, 'gy': -18.2, 'gz': -5.31}]",2026-02-13 10:25:52,0.0
"[{'t_us': 1549160282, 'ax': -0.32, 'ay': -0.07, 'az': 0.96, 'gx': -12.84, 'gy': -16.52, 'gz': -3.18}, {'t_us': 1549173301, 'ax': -0.27, 'ay': -0.07, 'az': 0.93, 'gx': -13.53, 'gy': -10.15, 'gz': -1.1}, {'t_us': 1549193280, 'ax': -0.18, 'ay': -0.1, 'az': 0.92, 'gx': -10.87, 'gy': 7.04, 'gz': 1.86}, {'t_us': 1549213311, 'ax': -0.19, 'ay': -0.15, 'az': 0.92, 'gx': -8.37, 'gy': 23.63, 'gz': 3.18}, {'t_us': 1549233270, 'ax': -0.18, 'ay': -0.19, 'az': 0.91, 'gx': -7.05, 'gy': 23.3, 'gz': 0.81}]",2026-02-13 10:25:52,0.0
"[{'t_us': 1549257813, 'ax': -0.16, 'ay': -0.19, 'az': 0.84, 'gx': -5.69, 'gy': 15.77, 'gz': 0.73}, {'t_us': 1549273317, 'ax': -0.15, 'ay': -0.18, 'az': 0.79, 'gx': -3.01, 'gy': 11.89, 'gz': 1.59}, {'t_us': 1549293321, 'ax': -0.12, 'ay': -0.17, 'az': 0.82, 'gx': 1.51, 'gy': 10.55, 'gz': 1.5}, {'t_us': 1549313274, 'ax': -0.13, 'ay': -0.17, 'az': 0.87, 'gx': 5.27, 'gy': 18.98, 'gz': 0.7}, {'t_us': 1549333317, 'ax': -0.16, 'ay': -0.18, 'az': 0.93, 'gx': 7.33, 'gy': 26.15, 'gz': -0.81}]",2026-02-13 10:25:52,0.0
"[{'t_us': 1549359160, 'ax': -0.24, 'ay': -0.18, 'az': 0.89, 'gx': 3.98, 'gy': 16.63, 'gz': 0.73}, {'t_us': 1549373284, 'ax': -0.27, 'ay': -0.16, 'az': 0.85, 'gx': 1.89, 'gy': 7.86, 'gz': 1.6}, {'t_us': 1549393284, 'ax': -0.32, 'ay': -0.14, 'az': 0.8, 'gx': 0.08, 'gy': -2.92, 'gz': 2.38}, {'t_us': 1549413317, 'ax': -0.3, 'ay': -0.11, 'az': 0.79, 'gx': 0.47, 'gy': -6.99, 'gz': -2.23}, {'t_us': 1549433351, 'ax': -0.31, 'ay': -0.11, 'az': 0.77, 'gx': 0.53, 'gy': 4.21, 'gz': 1.22}]",2026-02-13 10:25:52,0.0
"[{'t_us': 1549457878, 'ax': -0.38, 'ay': -0.11, 'az': 0.78, 'gx': 2.63, 'gy': 3.89, 'gz': 3.28}, {'t_us': 1549473268, 'ax': -0.42, 'ay': -0.12, 'az': 0.81, 'gx': 2.6, 'gy': 3.51, 'gz': 3.3}, {'t_us': 1549493338, 'ax': -0.47, 'ay': -0.11, 'az': 0.84, 'gx': 2.17, 'gy': 6.2, 'gz': 2.73}, {'t_us': 1549513306, 'ax': -0.5, 'ay': -0.12, 'az': 0.84, 'gx': 1.15, 'gy': 3.8, 'gz': 1.69}, {'t_us': 1549533321, 'ax': -0.48, 'ay': -0.11, 'az': 0.84, 'gx': -0.02, 'gy': -0.11, 'gz': 1.53}]",2026-02-13 10:25:52,0.0
"[{'t_us': 1549559443, 'ax': -0.45, 'ay': -0.09, 'az': 0.85, 'gx': -2.82, 'gy': -1.16, 'gz': 0.66}, {'t_us': 1549575699, 'ax': -0.44, 'ay': -0.09, 'az': 0.85, 'gx': -4.4, 'gy': 1.44, 'gz': -1.54}, {'t_us': 1549593284, 'ax': -0.42, 'ay': -0.08, 'az': 0.83, 'gx': -5.02, 'gy': 2.03, 'gz': -2.14}, {'t_us': 1549613317, 'ax': -0.38, 'ay': -0.1, 'az': 0.83, 'gx': -4.84, 'gy': 2.43, 'gz': -2.44}, {'t_us': 1549633301, 'ax': -0.34, 'ay': -0.09, 'az': 0.83, 'gx': -3.92, 'gy': 4.47, 'gz': -2.52}]",2026-02-13 10:25:52,0.0
"[{'t_us': 1549659324, 'ax': -0.3, 'ay': -0.1, 'az': 0.82, 'gx': -1.94, 'gy': 7.6, 'gz': -1.13}, {'t_us': 1549673338, 'ax': -0.28, 'ay': -0.1, 'az': 0.83, 'gx': -2.18, 'gy': 11.1, 'gz': -0.85}, {'t_us': 1549693279, 'ax': -0.27, 'ay': -0.12, 'az': 0.81, 'gx': -1.28, 'gy': 13.4, 'gz': -0.69}, {'t_us': 1549713280, 'ax': -0.26, 'ay': -0.11, 'az': 0.85, 'gx': -1.62, 'gy': 13.07, 'gz': 0.99}, {'t_us': 1549733311, 'ax': -0.27, 'ay': -0.09, 'az': 0.84, 'gx': -1.83, 'gy': 13.27, 'gz': 2.98}]",2026-02-13 10:25:52,0.0
"[{'t_us': 1549759101, 'ax': -0.29, 'ay': -0.11, 'az': 0.86, 'gx': -0.64, 'gy': 12.98, 'gz': 3.88}, {'t_us': 1549773326, 'ax': -0.3, 'ay': -0.12, 'az': 0.86, 'gx': 0.02, 'gy': 12.27, 'gz': 3.53}, {'t_us': 1549793317, 'ax': -0.32, 'ay': -0.14, 'az': 0.86, 'gx': -0.2, 'gy': 10.79, 'gz': 2.93}, {'t_us': 1549813321, 'ax': -0.35, 'ay': -0.14, 'az': 0.85, 'gx': -1.31, 'gy': 6.26, 'gz': 2.12}, {'t_us': 1549833321, 'ax': -0.35, 'ay': -0.13, 'az': 0.83, 'gx': -1.83, 'gy': 4.08, 'gz': 1.13}]",2026-02-13 10:25:52,0.0
"[{'t_us': 1549859398, 'ax': -0.38, 'ay': -0.1, 'az': 0.85, 'gx': -2.46, 'gy': 5.36, 'gz': 0.58}, {'t_us': 1549873285, 'ax': -0.37, 'ay': -0.12, 'az': 0.86, 'gx': -2.12, 'gy': 5.82, 'gz': -1.25}, {'t_us': 1549893280, 'ax': -0.4, 'ay': -0.12, 'az': 0.82, 'gx': -2.46, 'gy': 1.98, 'gz': -0.24}, {'t_us': 1549913311, 'ax': -0.4, 'ay': -0.12, 'az': 0.81, 'gx': -3.71, 'gy': -1.48, 'gz': 0.26}, {'t_us': 1549933317, 'ax': -0.39, 'ay': -0.11, 'az': 0.82, 'gx': -2.67, 'gy': 1.11, 'gz': 0.73}]",2026-02-13 10:25:52,0.0
"[{'t_us': 1549959399, 'ax': -0.38, 'ay': -0.1, 'az': 0.82, 'gx': -1.37, 'gy': 2.73, 'gz': 0.52}, {'t_us': 1549973348, 'ax': -0.37, 'ay': -0.1, 'az': 0.82, 'gx': -1.69, 'gy': 2.47, 'gz': 0.27}, {'t_us': 1549993321, 'ax': -0.38, 'ay': -0.1, 'az': 0.82, 'gx': -1.79, 'gy': 2.76, 'gz': 0.15}, {'t_us': 1550013326, 'ax': -0.37, 'ay': -0.09, 'az': 0.83, 'gx': -1.89, 'gy': 2.32, 'gz': -0.47}, {'t_us': 1550033311, 'ax': -0.37, 'ay': -0.08, 'az': 0.82, 'gx': -2.29, 'gy': 6.32, 'gz': -0.95}]",2026-02-13 10:25:53,0.0
"[{'t_us': 1550059377, 'ax': -0.35, 'ay': -0.09, 'az': 0.82, 'gx': -2.03, 'gy': 7.79, 'gz': -0.6}, {'t_us': 1550073317, 'ax': -0.35, 'ay': -0.09, 'az': 0.82, 'gx': -1.4, 'gy': 7.92, 'gz': 0.06}, {'t_us': 1550093301, 'ax': -0.35, 'ay': -0.1, 'az': 0.82, 'gx': -0.47, 'gy': 6.93, 'gz': 1.19}, {'t_us': 1550113330, 'ax': -0.34, 'ay': -0.1, 'az': 0.85, 'gx': -0.27, 'gy': 8.2, 'gz': 1.04}, {'t_us': 1550133333, 'ax': -0.34, 'ay': -0.1, 'az': 0.85, 'gx': -0.73, 'gy': 11.19, 'gz': 0.15}]",2026-02-13 10:25:53,0.0
"[{'t_us': 1550158083, 'ax': -0.35, 'ay': -0.11, 'az': 0.84, 'gx': -1.51, 'gy': 11.83, 'gz': -0.09}, {'t_us': 1550173270, 'ax': -0.36, 'ay': -0.1, 'az': 0.84, 'gx': -1.63, 'gy': 10.69, 'gz': 0.18}, {'t_us': 1550193271, 'ax': -0.36, 'ay': -0.1, 'az': 0.82, 'gx': -1.97, 'gy': 8.05, 'gz': 0.24}, {'t_us': 1550213306, 'ax': -0.37, 'ay': -0.1, 'az': 0.83, 'gx': -1.71, 'gy': 7.07, 'gz': 0.41}, {'t_us': 1550233326, 'ax': -0.37, 'ay': -0.1, 'az': 0.84, 'gx': -1.88, 'gy': 6.52, 'gz': 0.66}]",2026-02-13 10:25:53,0.0
"[{'t_us': 1550259461, 'ax': -0.39, 'ay': -0.1, 'az': 0.83, 'gx': -2.58, 'gy': 5.01, 'gz': 0.09}, {'t_us': 1550273301, 'ax': -0.39, 'ay': -0.11, 'az': 0.82, 'gx': -2.95, 'gy': 2.4, 'gz': -0.08}, {'t_us': 1550293268, 'ax': -0.39, 'ay': -0.1, 'az': 0.83, 'gx': -3.1, 'gy': 2.09, 'gz': -0.08}, {'t_us': 1550313301, 'ax': -0.39, 'ay': -0.09, 'az': 0.83, 'gx': -3.01, 'gy': 2.85, 'gz': -0.35}, {'t_us': 1550333317, 'ax': -0.39, 'ay': -0.09, 'az': 0.84, 'gx': -3.37, 'gy': 3.79, 'gz': -0.64}]",2026-02-13 10:25:53,0.0
"[{'t_us': 1550359464, 'ax': -0.38, 'ay': -0.1, 'az': 0.83, 'gx': -3.47, 'gy': 4.0, 'gz': -0.52}, {'t_us': 1550373272, 'ax': -0.38, 'ay': -0.1, 'az': 0.83, 'gx': -3.86, 'gy': 4.4, 'gz': -0.69}, {'t_us': 1550393354, 'ax': -0.37, 'ay': -0.09, 'az': 0.82, 'gx': -4.0, 'gy': 4.43, 'gz': -0.99}, {'t_us': 1550413321, 'ax': -0.37, 'ay': -0.1, 'az': 0.82, 'gx': -4.05, 'gy': 3.28, 'gz': -1.21}, {'t_us': 1550433321, 'ax': -0.37, 'ay': -0.09, 'az': 0.82, 'gx': -4.27, 'gy': 2.38, 'gz': -0.92}]",2026-02-13 10:25:53,0.0
"[{'t_us': 1550457883, 'ax': -0.37, 'ay': -0.1, 'az': 0.82, 'gx': -4.18, 'gy': 2.34, 'gz': -0.85}, {'t_us': 1550473317, 'ax': -0.37, 'ay': -0.09, 'az': 0.83, 'gx': -3.76, 'gy': 3.65, 'gz': -0.73}, {'t_us': 1550493274, 'ax': -0.38, 'ay': -0.1, 'az': 0.83, 'gx': -3.98, 'gy': 2.63, 'gz': -0.78}, {'t_us': 1550513270, 'ax': -0.38, 'ay': -0.09, 'az': 0.84, 'gx': -4.99, 'gy': 0.18, 'gz': -0.96}, {'t_us': 1550533311, 'ax': -0.37, 'ay': -0.09, 'az': 0.82, 'gx': -4.76, 'gy': 1.16, 'gz': -0.79}]",2026-02-13 10:25:53,0.0
"[{'t_us': 1550559446, 'ax': -0.37, 'ay': -0.1, 'az': 0.82, 'gx': -3.82, 'gy': 1.45, 'gz': -0.75}, {'t_us': 1550573284, 'ax': -0.37, 'ay': -0.1, 'az': 0.82, 'gx': -3.95, 'gy': -0.21, 'gz': -0.7}, {'t_us': 1550593326, 'ax': -0.37, 'ay': -0.1, 'az': 0.83, 'gx': -4.02, 'gy': -0.53, 'gz': -0.66}, {'t_us': 1550613306, 'ax': -0.37, 'ay': -0.1, 'az': 0.83, 'gx': -3.88, 'gy': -0.32, 'gz': -0.76}, {'t_us': 1550633270, 'ax': -0.37, 'ay': -0.1, 'az': 0.83, 'gx': -3.92, 'gy': 2.14, 'gz': -1.25}]",2026-02-13 10:25:53,0.0
"[{'t_us': 1550659398, 'ax': -0.38, 'ay': -0.1, 'az': 0.82, 'gx': -4.46, 'gy': 2.61, 'gz': -1.18}, {'t_us': 1550673338, 'ax': -0.38, 'ay': -0.1, 'az': 0.81, 'gx': -4.43, 'gy': 1.36, 'gz': -1.28}, {'t_us': 1550693310, 'ax': -0.36, 'ay': -0.11, 'az': 0.8, 'gx': -4.41, 'gy': 0.09, 'gz': -1.27}, {'t_us': 1550713270, 'ax': -0.36, 'ay': -0.1, 'az': 0.82, 'gx': -4.2, 'gy': 1.71, 'gz': -1.28}, {'t_us': 1550733306, 'ax': -0.36, 'ay': -0.1, 'az': 0.83, 'gx': -4.32, 'gy': 3.02, 'gz': -1.51}]",2026-02-13 10:25:53,0.0
"[{'t_us': 1550759422, 'ax': -0.37, 'ay': -0.11, 'az': 0.83, 'gx': -4.38, 'gy': 2.26, 'gz': -1.59}, {'t_us': 1550773414, 'ax': -0.36, 'ay': -0.11, 'az': 0.83, 'gx': -4.37, 'gy': 1.98, 'gz': -1.47}, {'t_us': 1550793284, 'ax': -0.37, 'ay': -0.11, 'az': 0.82, 'gx': -4.52, 'gy': 1.79, 'gz': -1.39}, {'t_us': 1550813326, 'ax': -0.36, 'ay': -0.1, 'az': 0.83, 'gx': -4.31, 'gy': 1.91, 'gz': -1.22}, {'t_us': 1550833321, 'ax': -0.37, 'ay': -0.1, 'az': 0.84, 'gx': -4.21, 'gy': 3.13, 'gz': -1.07}]",2026-02-13 10:25:53,0.0
"[{'t_us': 1550859399, 'ax': -0.37, 'ay': -0.11, 'az': 0.82, 'gx': -4.99, 'gy': 1.47, 'gz': -1.01}, {'t_us': 1550873303, 'ax': -0.36, 'ay': -0.1, 'az': 0.82, 'gx': -4.75, 'gy': 0.29, 'gz': -1.05}, {'t_us': 1550893321, 'ax': -0.35, 'ay': -0.11, 'az': 0.82, 'gx': -4.03, 'gy': 0.05, 'gz': -0.69}, {'t_us': 1550913330, 'ax': -0.36, 'ay': -0.1, 'az': 0.82, 'gx': -3.36, 'gy': 1.88, 'gz': -0.29}, {'t_us': 1550933301, 'ax': -0.37, 'ay': -0.1, 'az': 0.84, 'gx': -3.57, 'gy': 3.54, 'gz': -0.64}]",2026-02-13 10:25:53,0.0
"[{'t_us': 1550957871, 'ax': -0.36, 'ay': -0.1, 'az': 0.83, 'gx': -3.82, 'gy': 3.53, 'gz': -0.72}, {'t_us': 1550973307, 'ax': -0.37, 'ay': -0.11, 'az': 0.83, 'gx': -3.92, 'gy': 3.11, 'gz': -0.84}, {'t_us': 1550993311, 'ax': -0.36, 'ay': -0.1, 'az': 0.82, 'gx': -4.06, 'gy': 3.22, 'gz': -0.92}, {'t_us': 1551013270, 'ax': -0.36, 'ay': -0.11, 'az': 0.82, 'gx': -4.15, 'gy': 2.09, 'gz': -0.75}, {'t_us': 1551033311, 'ax': -0.36, 'ay': -0.12, 'az': 0.83, 'gx': -4.05, 'gy': 2.17, 'gz': -0.69}]",2026-02-13 10:25:54,0.0
"[{'t_us': 1551059390, 'ax': -0.36, 'ay': -0.12, 'az': 0.83, 'gx': -4.08, 'gy': 1.51, 'gz': -0.84}, {'t_us': 1551073330, 'ax': -0.36, 'ay': -0.11, 'az': 0.83, 'gx': -4.14, 'gy': 1.48, 'gz': -0.93}, {'t_us': 1551093333, 'ax': -0.35, 'ay': -0.12, 'az': 0.83, 'gx': -3.85, 'gy': 2.92, 'gz': -0.81}, {'t_us': 1551113307, 'ax': -0.37, 'ay': -0.11, 'az': 0.81, 'gx': -3.71, 'gy': 1.05, 'gz': 0.15}, {'t_us': 1551133317, 'ax': -0.35, 'ay': -0.11, 'az': 0.83, 'gx': -5.19, 'gy': 1.79, 'gz': -1.1}]",2026-02-13 10:25:54,
